"FullSampleName","Barcode","LibraryPlateID"
"E72-01","TGACGCCA","GBS068A"
"E72-02","CAGATA","GBS068A"
"E72-03","GAAGTG","GBS068A"
"E72-04","TAGCGGAT","GBS068A"
"E72-05","TATTCGCAT","GBS068A"
"E72-06","ATAGAT","GBS068A"
"E72-07","CCGAACA","GBS068A"
"Blank","GGAAGACAT","GBS068A"
"SR78-01","GGCTTA","GBS068A"
"SR78-02","AACGCACATT","GBS068A"
"SR78-03","GAGCGACAT","GBS068A"
"SR78-04","CCTTGCCATT","GBS068A"
"SR78-05","GGTATA","GBS068A"
"E68X-01","TCTTGG","GBS068A"
"E68X-02","GGTGT","GBS068A"
"E68X-03","GGATA","GBS068A"
"E68X-04","CTAAGCA","GBS068A"
"SR-01","ATTAT","GBS068A"
"SR-02","GCGCTCA","GBS068A"
"SR-03","ACTGCGAT","GBS068A"
"SR-04","TTCGTT","GBS068A"
"SR-05","ATATAA","GBS068A"
"SR-06","TGGCAACAGA","GBS068A"
"DI-01","CTCGTCG","GBS068A"
"DI-02","GCCTACCT","GBS068A"
"DI-03","CACCA","GBS068A"
"DL-01","AATTAG","GBS068A"
"DL-02","GGAACGA","GBS068A"
"DL-03","ACAACT","GBS068A"
"DL-04","ACTGCT","GBS068A"
"DL-05","CGTGGACAGT","GBS068A"
"DL-06","TGGCACAGA","GBS068A"
"DL-07","TGCTT","GBS068A"
"DL-08","GCAAGCCAT","GBS068A"
"DL-09","CGCACCAATT","GBS068A"
"DL-10","CTCGCGG","GBS068A"
"DL-11","AACTGG","GBS068A"
"DI-04","ATGAGCAA","GBS068A"
"DI-05","CTTGA","GBS068A"
"DI-06","GCGTCCT","GBS068A"
"DI-07","ACCAGGA","GBS068A"
"DI-08","CCACTCA","GBS068A"
"SR-07","TCACGGAAG","GBS068A"
"SR-08","TATCA","GBS068A"
"SR-09","TAGCCAA","GBS068A"
"SR-10","ATATCGCCA","GBS068A"
"SR-11","CTCTA","GBS068A"
"SR-12","GGTGCACATT","GBS068A"
"E68X-05","CTCTCGCAT","GBS068A"
"E68X-06","CAGAGGT","GBS068A"
"E68X-07","GCGTACAAT","GBS068A"
"E68X-08","ACGCGCG","GBS068A"
"E68X-09","GTCGCCT","GBS068A"
"SR78-06","AATAACCAA","GBS068A"
"SR78-07","AATGAACGA","GBS068A"
"SR78-08","CGTCGCCACT","GBS068A"
"SR78-09","ATGGCAA","GBS068A"
"SR78-10","GAAGCA","GBS068A"
"E72-08","AACGTGCCT","GBS068A"
"E72-09","CCTCG","GBS068A"
"E72-10","CTCAT","GBS068A"
"E72-11","ACGGTACT","GBS068A"
"E72-12","GCGCCG","GBS068A"
"E68X-10","CAAGT","GBS068A"
"E68X-11","TCCGAG","GBS068A"
"E68X-12","TAGATGA","GBS068A"
"E68X-13","TGGCCAG","GBS068A"
"E68X-14","GCACGAT","GBS068A"
"E68X-15","TTGCTG","GBS068A"
"SR78-11","CGCAACCAGT","GBS068A"
"SR78-12","TCACTG","GBS068A"
"SR78-13","ACAGT","GBS068A"
"SR78-14","GGAGTCAAG","GBS068A"
"SR78-15","TGAAT","GBS068A"
"E72-13","CATAT","GBS068A"
"E72-14","GTGACACAT","GBS068A"
"E72-15","TATGT","GBS068A"
"E72-16","CAGTGCCATT","GBS068A"
"E72-17","ACAACCAACT","GBS068A"
"E72-18","TGCAGA","GBS068A"
"E72-19","CATCTGCCG","GBS068A"
"DL-12","GGACAG","GBS068A"
"DL-13","ATCTGT","GBS068A"
"DL-14","AAGACGCT","GBS068A"
"DL-15","GAATGCAATA","GBS068A"
"DL-16","TAGCAG","GBS068A"
"DI-09","ATCCG","GBS068A"
"DI-10","CTTAG","GBS068A"
"DI-11","TTATTACAT","GBS068A"
"DI-12","GCCAACAAGA","GBS068A"
"SR-13","TGCCGCAT","GBS068A"
"SR-14","CGTGTCA","GBS068A"
"SR-15","CAACCACACA","GBS068A"
"SR-16","GCTCCGA","GBS068A"
"SR-17","TCAGAGAT","GBS068A"
"SR-18","CGTTCA","GBS068A"
"SR-19","CATCACAAG","GBS068B"
"E72-20","TCCAG","GBS068B"
"E72-21","AACTGAAG","GBS068B"
"E72-22","GATTCA","GBS068B"
"E72-23","CAAGCCAATT","GBS068B"
"E72-24","CAATCAT","GBS068B"
"SR-20","ACATCACCG","GBS068B"
"SR-21","TTGCGCT","GBS068B"
"SR-22","CGCAGACACT","GBS068B"
"SR-23","TGTGGA","GBS068B"
"SR-24","TGGATA","GBS068B"
"E68X-16","ATAGCGT","GBS068B"
"E68X-17","CCATAGA","GBS068B"
"E68X-18","GGCACGCAT","GBS068B"
"E68X-19","GTGTT","GBS068B"
"E68X-20","ATTAACAATT","GBS068B"
"E68X-21","CAATA","GBS068B"
"DI-13","TAGTCCAT","GBS068B"
"DI-14","CGTGACCT","GBS068B"
"DI-15","CTTCAGA","GBS068B"
"DI-16","ATCTGCAACA","GBS068B"
"DI-17","AAGGA","GBS068B"
"SR78-16","TTACT","GBS068B"
"SR78-17","CCTTCG","GBS068B"
"SR78-18","TTATCCAT","GBS068B"
"SR78-19","GGATTG","GBS068B"
"SR78-20","GACGTGA","GBS068B"
"SR78-21","GACGGCA","GBS068B"
"DL-17","CGTCTG","GBS068B"
"DL-18","TCTGA","GBS068B"
"DL-19","ATCTTA","GBS068B"
"DL-20","TGTATACAG","GBS068B"
"DL-21","AACTT","GBS068B"
"DL-22","GAGTCACAAT","GBS068B"
"DL-23","CGGTTGCAT","GBS068B"
"DL-24","TGTGACAAGA","GBS068B"
"E68X-22","GTCCTGCCA","GBS068B"
"E68X-23","GTTACA","GBS068B"
"E68X-24","GCGGA","GBS068B"
"SR78-22","ATGATACG","GBS068B"
"SR78-23","CTGTTG","GBS068B"
"SR78-24","TCAGTAAT","GBS068B"
"DI-18","TCACA","GBS068B"
"DI-19","GTCGT","GBS068B"
"DI-20","ACGCTAA","GBS068B"
"DI-21","ATAGG","GBS068B"
"DI-22","CCTGCCA","GBS068B"
"DI-23","GGTATGAAT","GBS068B"
"DI-24","TAAGACA","GBS068B"
"Blank","TGAGA","GBS068B"
